Key,KeyConfidence,Value,ValueConfidence
Online,69.0698471069336,NOT_SELECTED,69.0698471069336
By Mail,61.2912712097168,SELECTED,61.2912712097168
Telephone,55.56634521484375,,
HIN:,41.17435836791992,,
Amount Deposited,48.77888107299805,$38.25,48.77888107299805
Account Number,51.49705505371094,554079099,51.49705505371094
Direct Credit Instructions,38.403804779052734,332-127,38.403804779052734
Account Name,39.61050796508789,Pty Ltd Atf The Morawsk,39.61050796508789
