Key,KeyConfidence,Value,ValueConfidence
OIIIIIIIIIIISCIIIIIIT,50.978477478027344,+ [IIIIIIIIIIII&,50.978477478027344
IIIIIIIIIIIIIIIII# IIIIIIIIIIIIIIIIID,42.95309066772461,,
IIIIIIIIIIIIIIIS IIIIN,48.815216064453125,IIIIIIIIIIIIIIII& +01],48.815216064453125
IIIHC,47.05488204956055,,
OIIIIIIIIII$ IIIT,40.90987777709961,G2 2021202120212(3 (140],40.90987777709961
#IIIIIIIIIIIIIIIII,34.29548263549805,IIIIIIIIIIIIIIIII,34.29548263549805
E,41.19350814819336,,
